{
  "pipeline": "GEPA + DSPy",
  "task_model": "google/gemma-3-27b-it",
  "reflection_model": "openrouter/deepseek/deepseek-r1-distill-llama-70b",
  "train_size": 60,
  "val_size": 30,
  "gepa_calls": 50,
  "seed_prompt_length": 4803,
  "optimized_prompt_length": 4803,
  "expand_markers_removed": 0,
  "metrics": {
    "macro_f1": 0.4391877214295434,
    "macro_precision": 0.4498526936026936,
    "macro_recall": 0.5218079922027291,
    "micro_f1": 0.5490196078431373,
    "subset_accuracy": 0.03333333333333333,
    "per_label": {
      "stereotype": {
        "precision": 0.7727272727272727,
        "recall": 0.8947368421052632,
        "f1": 0.8292682926829268,
        "accuracy": 0.7666666666666667,
        "support": 19
      },
      "vilification": {
        "precision": 0.7222222222222222,
        "recall": 0.65,
        "f1": 0.6842105263157895,
        "accuracy": 0.6,
        "support": 20
      },
      "dehumanization": {
        "precision": 0.16666666666666666,
        "recall": 0.3333333333333333,
        "f1": 0.2222222222222222,
        "accuracy": 0.7666666666666667,
        "support": 3
      },
      "extreme_language": {
        "precision": 0.35,
        "recall": 0.7777777777777778,
        "f1": 0.4827586206896552,
        "accuracy": 0.5,
        "support": 9
      },
      "lack_of_empathy": {
        "precision": 0.1875,
        "recall": 0.375,
        "f1": 0.25,
        "accuracy": 0.4,
        "support": 8
      },
      "invalidation": {
        "precision": 0.5,
        "recall": 0.1,
        "f1": 0.16666666666666666,
        "accuracy": 0.6666666666666666,
        "support": 10
      }
    }
  }
}